Tcp,Unassigned,1058,249544,0,4173,14,4162,128,64,84640,19963520,0,0,0,0,0,0,0.5454545454545454,0.0009583133684714902,0,0.9966459032103497,NMAP
Tcp,Unassigned,26893,37244,0,248,158,151,128,109,34357.07441711919,28236.54283548154,0,0,0,0,0,0,1,0.04938271604938271,0,0,NORMAL
Tcp,Unassigned,249544,1058,0,4173,4162,14,64,128,19963520,84640,0,0,0,0,0,0,0.00024313153415998054,0.000727802037845706,1,0.9978165938864629,NMAP
Tcp,Unassigned,1058,249544,0,4173,14,4162,128,64,84640,19963520,0,0,0,0,0,0,0.2,0.00073117231294175,0,0.9982939312698026,NMAP
Udp,Unassigned,8415,55722,0,170,95,0,1,0,17531.249999999985,17600.126342387783,0,0,0,0,0,0,0.024390243902439025,0.05621301775147929,0,0,NORMAL
Tcp,Unassigned,1058,249544,0,4173,14,4162,128,64,84640,19963520,0,0,0,0,0,0,0.16666666666666666,0.0007297494526879105,0,0.9980540014594989,NMAP
Tcp,Unassigned,26893,37244,0,248,158,151,128,109,2151440,2979520,0,0,0,0,0,0,1,0.05491329479768786,0,0,NORMAL
Tcp,Unassigned,26893,37244,0,248,158,151,128,109,1766.9513797634718,1443.1463721786245,0,0,0,0,0,0,0.9459459459459459,0.04962779156327544,0,0,NORMAL
Tcp,Unassigned,160,723588,0,4523,4523,1,64,128,12800,57887040,0,0,0,0,0,0,0.00022256843979523704,0,0,0,SYN_FLOOD
Tcp,Unassigned,2071,62066,0,248,151,158,46,128,1354.0372670807458,3888.4816589919246,0,0,0,0,0,0,0.6083333333333333,0.05389221556886228,0.23333333333333334,0,NORMAL
Tcp,Unassigned,249544,1058,0,4173,4162,14,64,128,19963520,84640,0,0,0,0,0,0,0.00048355899419729207,0.000964785335262904,1,0.9975880366618427,NMAP
Tcp,Unassigned,160,723588,0,4523,4523,1,64,128,12800,57887040,0,0,0,0,0,0,0.00022396416573348266,0,0,0,SYN_FLOOD
Tcp,Unassigned,2071,62066,0,248,151,158,46,128,540.3430956884741,1544.823809790487,0,0,0,0,0,0,0.6758620689655173,0.04810126582278481,0.19310344827586207,0,NORMAL
Tcp,Unassigned,500,63637,0,248,151,158,116,128,10075.566750629723,45032.81733746155,0,0,0,0,0,0,0.6594202898550725,0.050397877984084884,0.2028985507246377,0,NORMAL
Tcp,Unassigned,26893,37244,0,248,158,151,128,109,3654.1884638902106,2985.6106457172637,0,0,0,0,0,0,1,0.05012531328320802,0,0,NORMAL
Udp,Unassigned,4847,0,0,36,36,0,4,0,358.5854849448841,0,0,0,0,0,0,0,0.5,0.13793103448275862,0,0,IPSWEEP
Tcp,Unassigned,249544,1058,0,4173,4162,14,64,128,19963520,84640,0,0,0,0,0,0,0.00048638132295719845,0.0007279786459597186,1,0.9978160640621209,NMAP
Udp,Unassigned,4208,0,0,29,29,0,128,0,29.90941172707662,0,0,0,0,0,0,0,1,0.1111111111111111,0,0,UDP_FLOOD
Tcp,Unassigned,160,723588,0,4523,4523,1,64,128,12800,57887040,0,0,0,0,0,0,0.00022237046920169,0,0,0,SYN_FLOOD
Tcp,Unassigned,249544,1058,0,4173,4162,14,64,128,19963520,84640,0,0,0,0,0,0,0.0004837929366231253,0.000724112961622013,1,0.997827661115134,NMAP
Tcp,Unassigned,111,64026,0,248,151,158,47,128,8880,5122080,0,0,0,0,0,0,0.6209677419354839,0.05475504322766571,0.22580645161290322,0,NORMAL
Tcp,Unassigned,160,723588,0,4523,4523,1,64,128,12800,57887040,0,0,0,0,0,0,0.0002222716159146477,0,0,0,SYN_FLOOD
Tcp,Unassigned,2466,61671,0,248,151,158,109,128,14700.447093889721,17463.117655387276,0,0,0,0,0,0,0.6887417218543046,0.0488997555012225,0.18543046357615894,0,NORMAL
Tcp,Unassigned,160,723588,0,4523,4523,1,64,128,12800,57887040,0,0,0,0,0,0,0.0002229654403567447,0,0,0,SYN_FLOOD
Tcp,Unassigned,111,64026,0,248,151,158,47,128,1093.5960591133005,3391.1178199730134,0,0,0,0,0,0,0.624,0.05459770114942529,0.224,0,NORMAL
Tcp,Unassigned,2466,61671,0,248,151,158,110,128,14700.447093889721,17463.117655387276,0,0,0,0,0,0,0.6492537313432836,0.05263157894736842,0.208955223880597,0,NORMAL
Tcp,Unassigned,249544,1058,0,4173,4162,14,64,128,19963520,84640,0,0,0,0,0,0,0.00024342745861733204,0.0007286859363614282,1,0.9978139421909157,NMAP
Tcp,Unassigned,160,723588,0,4523,4523,1,64,128,12800,57887040,0,0,0,0,0,0,0.00022311468094600624,0,0,0,SYN_FLOOD
Tcp,Unassigned,26893,37244,0,248,158,151,128,109,2151440,2979520,0,0,0,0,0,0,1,0.05037783375314862,0,0,NORMAL
Tcp,Unassigned,26893,37244,0,248,158,151,128,109,5635.287338257642,4605.985654217171,0,0,0,0,0,0,0.967741935483871,0.05421686746987952,0,0,NORMAL
Tcp,Unassigned,26893,37244,0,248,158,151,128,109,2151440,2979520,0,0,0,0,0,0,1,0.054878048780487805,0,0,NORMAL
Tcp,Unassigned,1058,249544,0,4173,14,4162,128,64,84640,19963520,0,0,0,0,0,0,0.5555555555555556,0.0009601536245799327,0,0.9971195391262602,NMAP
Tcp,Unassigned,2466,61671,0,248,151,158,110,128,197280,4933680,0,0,0,0,0,0,0.6439393939393939,0.052924791086350974,0.21212121212121213,0,NORMAL
Tcp,Unassigned,160,723588,0,4523,4523,1,64,128,12800,57887040,0,0,0,0,0,0,0.00022143489813994686,0,0,0,SYN_FLOOD
Tcp,Unassigned,160,723588,0,4523,4523,1,64,128,12800,57887040,0,0,0,0,0,0,0.00022168033695411216,0,0,0,SYN_FLOOD
Tcp,Unassigned,26893,37244,0,248,158,151,128,109,2151440,2979520,0,0,0,0,0,0,1,0.051771117166212535,0,0,NORMAL
Tcp,Unassigned,249544,1058,0,4173,4162,14,64,128,19963520,84640,0,0,0,0,0,0,0.000481811611659841,0.0009613073780341264,1,0.9975967315549147,NMAP
Udp,Unassigned,8415,55722,0,170,95,0,1,0,25072.625698324013,25419.170895820116,0,0,0,0,0,0,0.022988505747126436,0.05053191489361702,0,0,NORMAL
Udp,Unassigned,4847,0,0,36,36,0,4,0,358.5854849448841,0,0,0,0,0,0,0,0.5789473684210527,0.12121212121212122,0,0,IPSWEEP
Tcp,Unassigned,222,63915,0,248,151,158,47,128,1184,3459.539918809229,0,0,0,0,0,0,0.656934306569343,0.05080213903743316,0.20437956204379562,0,NORMAL
Tcp,Unassigned,160,723588,0,4523,4523,1,64,128,12800,57887040,0,0,0,0,0,0,0.00022376370552696352,0,0,0,SYN_FLOOD
Udp,Unassigned,3150,0,0,22,22,0,4,0,380.98693759071114,0,0,0,0,0,0,0,0.2,0.17647058823529413,0,0,SLOWLORIS
Tcp,Unassigned,160,723588,0,4523,4523,1,64,128,12800,57887040,0,0,0,0,0,0,0.00022182786157941438,0,0,0,SYN_FLOOD
Tcp,Unassigned,249544,1058,0,4173,4162,14,64,128,19963520,84640,0,0,0,0,0,0,0.00024277737314882253,0.0007267441860465116,1,0.9978197674418605,NMAP
Udp,Unassigned,4847,0,0,36,36,0,128,0,387760,0,0,0,0,0,0,0,1,0.11428571428571428,0,0,IPSWEEP
Tcp,Unassigned,249544,1058,0,4173,4162,14,64,128,19963520,84640,0,0,0,0,0,0,0.00024378352023403217,0.0007301046483329277,1,0.9982964224872232,NMAP
Tcp,Unassigned,160,723588,0,4523,4523,1,64,128,12800,57887040,0,0,0,0,0,0,0.00022371364653243848,0,0,0,SYN_FLOOD
Tcp,Unassigned,160,723588,0,4523,4523,1,64,128,12673.267326732672,1252153.1473069857,0,0,0,0,0,0,0.0002228163992869875,0,0,0,SYN_FLOOD
Tcp,Unassigned,160,723588,0,4523,4523,1,64,128,12800,57887040,0,0,0,0,0,0,0.00022336385972749609,0,0,0,SYN_FLOOD
Tcp,Unassigned,249544,1058,0,4173,4162,14,64,128,19963520,84640,0,0,0,0,0,0,0.00024348672997321646,0.0007288629737609329,1,0.9978134110787172,NMAP
Tcp,Unassigned,160,723588,0,4523,4523,1,64,128,12800,57887040,0,0,0,0,0,0,0.0002249718785151856,0,0,0,SYN_FLOOD
Udp,Unassigned,8415,55722,0,170,95,0,1,0,4068.902991840437,4014.951048825048,0,0,0,0,0,0,0.01098901098901099,0.04866180048661801,0,0,NORMAL
Udp,Unassigned,4208,0,0,29,29,0,128,0,428.9117943098855,0,0,0,0,0,0,0,1,0.13636363636363635,0,0,UDP_FLOOD
Udp,Unassigned,3780,60357,0,170,63,0,64,0,2615.9169550172987,6897.351655572337,0,0,0,0,0,0,0.03125,0.04830917874396135,0,0,NORMAL
Tcp,Unassigned,249544,1058,0,4173,4162,14,64,128,861.114921318518,1071.6637123322357,0,0,0,0,0,0,0.0002418379685610641,0.0007239382239382239,1,0.9978281853281853,NMAP
Tcp,Unassigned,26893,37244,0,248,158,151,128,109,241734.831460674,206911.11111111206,0,0,0,0,0,0,1,0.055384615384615386,0,0,NORMAL
Tcp,Unassigned,160,723588,0,4523,4523,1,64,128,12800,57887040,0,0,0,0,0,0,0.00022187708009762592,0,0,0,SYN_FLOOD
Tcp,Unassigned,249544,1058,0,4173,4162,14,64,128,19963520,84640,0,0,0,0,0,0,0.0002420721374969741,0.0007246376811594203,1,0.9978260869565218,NMAP
Udp,Unassigned,3150,0,0,22,22,0,4,0,380.98693759071114,0,0,0,0,0,0,0,0.38461538461538464,0.15,0,0,SLOWLORIS
Tcp,Unassigned,249544,1058,0,4173,4162,14,64,128,19963520,84640,0,0,0,0,0,0,0.00024372410431391665,0.00072992700729927,1,0.9982968369829683,NMAP
Tcp,Unassigned,160,723588,0,4523,4523,1,64,128,12800,57887040,0,0,0,0,0,0,0.00022232103156958648,0,0,0,SYN_FLOOD
Tcp,Unassigned,26893,37244,0,248,158,151,128,109,62944.41193680533,52016.75977653649,0,0,0,0,0,0,1,0.051351351351351354,0,0,NORMAL
Tcp,Unassigned,2466,61671,0,248,151,158,109,128,14505.882352941167,17214.515003489127,0,0,0,0,0,0,0.6518518518518519,0.051490514905149054,0.2074074074074074,0,NORMAL
Tcp,Unassigned,26893,37244,0,248,158,151,128,109,833891.4728682167,809652.173913043,0,0,0,0,0,0,1,0.056716417910447764,0,0,NORMAL
Tcp,Unassigned,249544,1058,0,4173,4162,14,64,128,19963520,84640,0,0,0,0,0,0,0.0002403846153846154,0.000958543014617781,1,0.9968847352024922,NMAP
Tcp,Unassigned,249544,1058,0,4173,4162,14,64,128,19963520,84640,0,0,0,0,0,0,0.00024396194193705782,0.0007306380905991232,1,0.998295177788602,NMAP
Udp,Unassigned,4847,0,0,36,36,0,128,0,422.1022380910909,0,0,0,0,0,0,0,0.42857142857142855,0.125,0,0,IPSWEEP
Udp,Unassigned,68,723680,0,1,1,4523,128,64,5440,57894400,0,0,0,0,0,0,1,0.00044218439089100157,0,0.00022109219544550078,SYN_FLOOD
Tcp,Unassigned,1058,249544,0,4173,14,4162,128,64,74245.61403508771,468407.3205068346,0,0,0,0,0,0,0.125,0.0009610764055742432,0,0.9973570398846708,NMAP
Tcp,Unassigned,160,723588,0,4523,4523,1,64,128,12800,57887040,0,0,0,0,0,0,0.00022431583669807088,0,0,0,SYN_FLOOD
Tcp,Unassigned,160,723588,0,4523,4523,1,64,128,12800,57887040,0,0,0,0,0,0,0.00022217285047767163,0,0,0,SYN_FLOOD
Tcp,Unassigned,249544,1058,0,4173,4162,14,64,128,19963520,84640,0,0,0,0,0,0,0.0002442598925256473,0.0007317073170731707,1,0.9985365853658537,NMAP
Tcp,Unassigned,160,723588,0,4523,4523,1,64,128,12800,57887040,0,0,0,0,0,0,0.00022366360993066427,0,0,0,SYN_FLOOD
Tcp,Unassigned,160,723588,0,4523,4523,1,64,128,12800,57887040,0,0,0,0,0,0,0.00022466861379465288,0,0,0,SYN_FLOOD
Tcp,Unassigned,249544,1058,0,4173,4162,14,64,128,19963520,84640,0,0,0,0,0,0,0.00024224806201550387,0.0007251631617113851,1,0.9978245105148659,NMAP
Tcp,Unassigned,2071,62066,0,248,151,158,46,128,28516.351118760744,96282.33469071222,0,0,0,0,0,0,0.6736111111111112,0.04859335038363171,0.19444444444444445,0,NORMAL
Tcp,Unassigned,249544,1058,0,4173,4162,14,64,128,19963520,84640,0,0,0,0,0,0,0.0009633911368015414,0.0009608455440787893,1,0.9973576747537833,NMAP
Tcp,Unassigned,160,723588,0,4523,4523,1,64,128,12800,57887040,0,0,0,0,0,0,0.00022471910112359551,0,0,0,SYN_FLOOD
Tcp,Unassigned,249544,1058,0,4173,4162,14,64,128,19963520,84640,0,0,0,0,0,0,0.0007230657989877079,0.0009617696561673479,1,0.9975955758595816,NMAP
Tcp,Unassigned,160,723588,0,4523,4523,1,64,128,12800,57887040,0,0,0,0,0,0,0.00022197558268590456,0,0,0,SYN_FLOOD
Tcp,Unassigned,160,723588,0,4523,4523,1,64,128,12800,57887040,0,0,0,0,0,0,0.00022192632046160674,0,0,0,SYN_FLOOD
Tcp,Unassigned,1058,249544,0,4173,14,4162,128,64,84640,19963520,0,0,0,0,0,0,0.1,0.0009596928982725527,0,0.9968809980806143,NMAP
Tcp,Unassigned,160,723588,0,4523,4523,1,64,128,12673.267326732672,1252153.1473069857,0,0,0,0,0,0,0.00022426553038797938,0,0,0,SYN_FLOOD
Tcp,Unassigned,2466,61671,0,248,151,158,110,128,197280,4933680,0,0,0,0,0,0,0.6466165413533834,0.05277777777777778,0.21052631578947367,0,NORMAL
Tcp,Unassigned,249544,1058,0,4173,4162,14,64,128,19963520,84640,0,0,0,0,0,0,0.0004878048780487805,0.0007304601899196494,1,0.9982955928901874,NMAP
Tcp,Unassigned,26893,37244,0,248,158,151,128,109,2151440,2979520,0,0,0,0,0,0,1,0.0521978021978022,0,0,NORMAL
Tcp,Unassigned,249544,1058,0,4173,4162,14,64,128,19963520,84640,0,0,0,0,0,0,0.00024354603019970775,0.0007290400972053463,1,0.997812879708384,NMAP
Tcp,Unassigned,160,723588,0,4523,4523,1,64,128,12800,57887040,0,0,0,0,0,0,0.00022361359570661896,0,0,0,SYN_FLOOD
Tcp,Unassigned,160,723588,0,4523,4523,1,64,128,12800,57887040,0,0,0,0,0,0,0.00022416498542927594,0,0,0,SYN_FLOOD
Tcp,Unassigned,26893,37244,0,248,158,151,128,109,2151440,2979520,0,0,0,0,0,0,0.06060606060606061,0.05539358600583091,0,0,NORMAL
Tcp,Unassigned,160,723588,0,4523,4523,1,64,128,12800,57887040,0,0,0,0,0,0,0.0002232142857142857,0,0,0,SYN_FLOOD
Tcp,Unassigned,249544,1058,0,4173,4162,14,64,128,19963520,84640,0,0,0,0,0,0,0.00024283632831471587,0.000726920281075842,1,0.9978192391567725,NMAP
Tcp,Unassigned,26893,37244,0,248,158,151,128,109,2151440,2979520,0,0,0,0,0,0,0.6666666666666666,0.05367231638418079,0,0,NORMAL
Udp,Unassigned,8415,55722,0,170,95,0,1,0,1813.8219048902033,1784.653078872457,0,0,0,0,0,0,0.03225806451612903,0.048426150121065374,0,0,NORMAL
Udp,Unassigned,8415,55722,0,170,95,0,1,0,5190.439475713184,5128.93204777137,0,0,0,0,0,0,0.011627906976744186,0.050666666666666665,0,0,NORMAL
Tcp,Unassigned,249544,1058,0,4173,4162,14,64,128,19963520,84640,0,0,0,0,0,0,0.00048192771084337347,0.0009615384615384616,1,0.9975961538461539,NMAP
Tcp,Unassigned,160,723588,0,4523,4523,1,64,128,12800,57887040,0,0,0,0,0,0,0.00022461814914645105,0,0,0,SYN_FLOOD
Tcp,Unassigned,160,723588,0,4523,4523,1,64,128,12673.267326732672,1252153.1473069857,0,0,0,0,0,0,0.00022148394241417498,0,0,0,SYN_FLOOD
Tcp,Unassigned,26893,37244,0,248,158,151,128,109,15901.256467110066,13022.37762237754,0,0,0,0,0,0,0.5,0.05654761904761905,0,0,NORMAL
Tcp,Unassigned,2071,62066,0,248,151,158,46,128,165680,4965280,0,0,0,0,0,0,0.6802721088435374,0.04987531172069826,0.19047619047619047,0,NORMAL
Tcp,Unassigned,249544,1058,0,4173,4162,14,64,128,19963520,84640,0,0,0,0,0,0,0.00024324981756263683,0.0007281553398058253,1,0.9978155339805825,NMAP
Tcp,Unassigned,2466,61671,0,248,151,158,110,128,8592.334494773524,9891.891891891899,0,0,0,0,0,0,0.5877192982456141,0.055900621118012424,0.24561403508771928,0,NORMAL
Tcp,Unassigned,500,63637,0,248,151,158,116,128,18099.54751131222,109130.97534833825,0,0,0,0,0,0,0.6666666666666666,0.049479166666666664,0.19858156028368795,0,NORMAL
Udp,Unassigned,8415,55722,0,170,95,0,1,0,7755.760368663599,7688.974748171696,0,0,0,0,0,0,0.021739130434782608,0.04854368932038835,0,0,NORMAL
Tcp,Unassigned,160,723588,0,4523,4523,1,64,128,12800,57887040,0,0,0,0,0,0,0.000225022502250225,0,0,0,SYN_FLOOD
Tcp,Unassigned,2466,61671,0,248,151,158,109,128,13951.909476661955,16509.436487752566,0,0,0,0,0,0,0.6016949152542372,0.0547112462006079,0.23728813559322035,0,NORMAL
Tcp,Unassigned,249544,1058,0,4173,4162,14,64,128,19963520,84640,0,0,0,0,0,0,0.0004830917874396135,0.0009638554216867469,1,0.9975903614457832,NMAP
Tcp,Unassigned,160,723588,0,4523,4523,1,64,128,12800,57887040,0,0,0,0,0,0,0.00022286605749944285,0,0,0,SYN_FLOOD
Tcp,Unassigned,249544,1058,0,4173,4162,14,64,128,19963520,84640,0,0,0,0,0,0,0.00024260067928190198,0.0007262164124909223,1,0.9978213507625272,NMAP
Tcp,Unassigned,2071,62066,0,248,151,158,46,128,10246.134817563392,30938.25160446114,0,0,0,0,0,0,0.6050420168067226,0.054380664652567974,0.23529411764705882,0,NORMAL
Tcp,Unassigned,249544,1058,0,4173,4162,14,64,128,19963520,84640,0,0,0,0,0,0,0.00024307243558580456,0.0007276255154014067,1,0.9978171234537958,NMAP
Tcp,Unassigned,160,723588,0,4523,4523,1,64,128,12800,57887040,0,0,0,0,0,0,0.00022251891410769915,0,0,0,SYN_FLOOD
Udp,Unassigned,3780,60357,0,170,125,0,64,0,17581.39534883722,48372.67080745354,0,0,0,0,0,0,0.011111111111111112,0.04950495049504951,0,0,NORMAL
Tcp,Unassigned,249544,1058,0,4173,4162,14,64,128,19963520,84640,0,0,0,0,0,0,0.0004829751267809708,0.000963623223319682,1,0.9975909419417008,NMAP
Udp,Unassigned,3150,0,0,22,22,0,4,0,379.22109191596957,0,0,0,0,0,0,0,0.2727272727272727,0.16666666666666666,0,0,SLOWLORIS
Tcp,Unassigned,26893,37244,0,248,158,151,128,109,2151440,2979520,0,0,0,0,0,0,1,0.052486187845303865,0,0,NORMAL
Tcp,Unassigned,249544,1058,0,4173,4162,14,64,128,19963520,84640,0,0,0,0,0,0,0.00024213075060532688,0.000724812756704518,1,0.9978255617298865,NMAP
Tcp,Unassigned,160,723588,0,4523,4523,1,64,128,12800,57887040,0,0,0,0,0,0,0.0002221235006663705,0,0,0,SYN_FLOOD
Tcp,Unassigned,26893,37244,0,248,158,151,128,109,36182.98015472593,29747.603833865734,0,0,0,0,0,0,1,0.05322128851540616,0,0,NORMAL
Tcp,Unassigned,160,723588,0,4523,4523,1,64,128,12800,57887040,0,0,0,0,0,0,0.0002242152466367713,0,0,0,SYN_FLOOD
Tcp,Unassigned,26893,37244,0,248,158,151,128,109,1327.6396174020326,1084.2503639010167,0,0,0,0,0,0,0.2,0.04922279792746114,0,0,NORMAL
Tcp,Unassigned,249544,1058,0,4173,4162,14,64,128,468407.3205068346,74245.61403508771,0,0,0,0,0,0,0.0002440214738897023,0.000730816077953715,1,0.9982947624847747,NMAP
Tcp,Unassigned,249544,1058,0,4173,4162,14,64,128,19963520,84640,0,0,0,0,0,0,0.0007221954742416948,0.0009603841536614646,1,0.9973589435774309,NMAP
Tcp,Unassigned,249544,1058,0,4173,4162,14,64,128,19963520,84640,0,0,0,0,0,0,0.00024248302618816683,0.0007258649891120251,1,0.997822405032664,NMAP
Tcp,Unassigned,26893,37244,0,248,158,151,128,109,2151440,2979520,0,0,0,0,0,0,1,0.05191256830601093,0,0,NORMAL
Tcp,Unassigned,40,64097,0,248,151,158,53,128,2480.6201550387595,41269.69818913492,0,0,0,0,0,0,0.678082191780822,0.05025125628140704,0.1917808219178082,0,NORMAL
Tcp,Unassigned,160,723588,0,4523,4523,1,64,128,12800,57887040,0,0,0,0,0,0,0.00022119000221190003,0,0,0,SYN_FLOOD
Udp,Unassigned,4208,0,0,29,29,0,4,0,386.11260853108837,0,0,0,0,0,0,0,0.5789473684210527,0.125,0,0,UDP_FLOOD
Tcp,Unassigned,249544,1058,0,4173,4162,14,64,128,19963520,84640,0,0,0,0,0,0,0.0002426595486532395,0.0007263922518159806,1,0.997820823244552,NMAP
Tcp,Unassigned,26893,37244,0,248,158,151,128,109,14388.978063135397,11780.483947493241,0,0,0,0,0,0,0.9411764705882353,0.04846938775510204,0,0,NORMAL
Tcp,Unassigned,249544,1058,0,4173,4162,14,64,128,19963520,84640,0,0,0,0,0,0,0.000487685930260912,0.0007302823758519961,1,0.9982960077896786,NMAP
Tcp,Unassigned,249544,1058,0,4173,4162,14,64,128,19963520,84640,0,0,0,0,0,0,0.0004833252779120348,0.0009643201542912247,1,0.997589199614272,NMAP
Tcp,Unassigned,249544,1058,0,4173,4162,14,64,128,19963520,84640,0,0,0,0,0,0,0.0002421893921046258,0.0007249879168680521,1,0.9978250362493959,NMAP
Udp,Unassigned,4847,0,0,36,36,0,1,0,1074.1274238227147,0,0,0,0,0,0,0,0.21428571428571427,0.14814814814814814,0,0,IPSWEEP
Tcp,Unassigned,160,723588,0,4523,4523,1,64,128,12800,57887040,0,0,0,0,0,0,0.00022266755733689602,0,0,0,SYN_FLOOD
Tcp,Unassigned,333,63804,0,248,151,158,57,128,7976.047904191616,30972.815533980716,0,0,0,0,0,0,0.6713286713286714,0.04884318766066838,0.1958041958041958,0,NORMAL
Tcp,Unassigned,249544,1058,0,4173,4162,14,64,128,19963520,84640,0,0,0,0,0,0,0.0004847309743092584,0.0007255139056831923,1,0.9978234582829504,NMAP
Tcp,Unassigned,333,63804,0,248,151,158,57,128,26640,5104320,0,0,0,0,0,0,0.6690140845070423,0.04896907216494845,0.19718309859154928,0,NORMAL
Udp,Unassigned,4847,0,0,36,36,0,1,0,2378.8957055214737,0,0,0,0,0,0,0,0.26666666666666666,0.14285714285714285,0,0,IPSWEEP
Tcp,Unassigned,249544,1058,0,4173,4162,14,64,128,19963520,84640,0,0,0,0,0,0,0.0004827419744146754,0.000963159162051529,1,0.9975921020948711,NMAP
Tcp,Unassigned,160,723588,0,4523,4523,1,64,128,12800,57887040,0,0,0,0,0,0,0.0002244668911335578,0,0,0,SYN_FLOOD
Tcp,Unassigned,249544,1058,0,4173,4162,14,64,128,19963520,84640,0,0,0,0,0,0,0.00048262548262548264,0.0009629272989889263,1,0.9975926817525277,NMAP
Udp,Unassigned,3780,60357,0,170,125,0,64,0,1066.2905500705217,2799.392414456816,0,0,0,0,0,0,0.011764705882352941,0.054441260744985676,0,0,NORMAL
Tcp,Unassigned,1058,249544,0,4173,14,4162,128,64,84640,19963520,0,0,0,0,0,0,0.14285714285714285,0.0007293946024799417,0,0.9978118161925602,NMAP
Udp,Unassigned,4208,0,0,29,29,0,4,0,386.49827784156145,0,0,0,0,0,0,0,0.5555555555555556,0.13043478260869565,0,0,UDP_FLOOD
Udp,Unassigned,4847,0,0,36,36,0,4,0,2368.4339115563153,0,0,0,0,0,0,0,0.5555555555555556,0.12903225806451613,0,0,IPSWEEP
Tcp,Unassigned,249544,1058,0,4173,4162,14,64,128,19963520,84640,0,0,0,0,0,0,0.0007209805335255948,0.0009580838323353293,1,0.9966467065868263,NMAP
Udp,Unassigned,3780,60357,0,170,125,0,64,0,4247.191011235955,11249.615581752965,0,0,0,0,0,0,0.010638297872340425,0.04819277108433735,0,0,NORMAL
Tcp,Unassigned,26893,37244,0,248,158,151,128,109,2975.4653832323747,2430.753165383124,0,0,0,0,0,0,1,0.04878048780487805,0,0,NORMAL
Tcp,Unassigned,160,723588,0,4523,4523,1,64,128,12800,57887040,0,0,0,0,0,0,0.0002243661655822302,0,0,0,SYN_FLOOD
Tcp,Unassigned,249544,1058,0,4173,4162,14,64,128,19963520,84640,0,0,0,0,0,0,0.0002420135527589545,0.0007244626901714562,1,0.9978266119294856,NMAP
Tcp,Unassigned,249544,1058,0,4173,4162,14,64,128,19963520,84640,0,0,0,0,0,0,0.0007309941520467836,0.0007295719844357977,1,0.9980544747081712,NMAP
Tcp,Unassigned,249544,1058,0,4173,4162,14,64,128,19963520,84640,0,0,0,0,0,0,0.0004828585224529213,0.0009633911368015414,1,0.9975915221579962,NMAP
Tcp,Unassigned,249544,1058,0,4173,4162,14,64,128,19963520,84640,0,0,0,0,0,0,0.0002443195699975568,0.0007318858258111735,1,0.9985362283483776,NMAP
Tcp,Unassigned,160,723588,0,4523,4523,1,64,128,12800,57887040,0,0,0,0,0,0,0.0002231644722160232,0,0,0,SYN_FLOOD
Tcp,Unassigned,222,63915,0,248,151,158,46,128,17760,5113200,0,0,0,0,0,0,0.6356589147286822,0.05352112676056338,0.21705426356589147,0,NORMAL
Tcp,Unassigned,249544,1058,0,4173,4162,14,64,128,19963520,84640,0,0,0,0,0,0,0.0009626955475330926,0.0009599232061435085,1,0.9971202303815695,NMAP
Udp,Unassigned,3780,60357,0,170,63,0,64,0,302400,4828560,0,0,0,0,0,0,0.03333333333333333,0.05121293800539083,0,0,NORMAL
Tcp,Unassigned,160,723588,0,4523,4523,1,64,128,12800,57887040,0,0,0,0,0,0,0.00022331397945511388,0,0,0,SYN_FLOOD
Tcp,Unassigned,160,723588,0,4523,4523,1,64,128,12800,57887040,0,0,0,0,0,0,0.00022241992882562276,0,0,0,SYN_FLOOD
Tcp,Unassigned,160,723588,0,4523,4523,1,64,128,12800,57887040,0,0,0,0,0,0,0.00022207417277370642,0,0,0,SYN_FLOOD
Tcp,Unassigned,249544,1058,0,4173,4162,14,64,128,14524.627853848006,15060.498220640566,0,0,0,0,0,0,0.00024195499637067505,0.0007242877836793819,1,0.9978271366489618,NMAP
Tcp,Unassigned,160,723588,0,4523,4523,1,64,128,12800,57887040,0,0,0,0,0,0,0.00022341376228775692,0,0,0,SYN_FLOOD
Tcp,Unassigned,249544,1058,0,4173,4162,14,64,128,19963520,84640,0,0,0,0,0,0,0.0007218479307025986,0.000959462700887503,1,0.9968817462221156,NMAP
Tcp,Unassigned,2466,61671,0,248,151,158,110,128,87292.03539823006,166903.92422192148,0,0,0,0,0,0,0.5948275862068966,0.05521472392638037,0.2413793103448276,0,NORMAL
Tcp,Unassigned,160,723588,0,4523,4523,1,64,128,12800,57887040,0,0,0,0,0,0,0.00022301516503122213,0,0,0,SYN_FLOOD
Tcp,Unassigned,249544,1058,0,4173,4162,14,64,128,7051.357040929885,8045.627376425852,0,0,0,0,0,0,0.00024254183846713557,0.0007260406582768635,1,0.9978218780251694,NMAP
Udp,Unassigned,4847,0,0,36,36,0,4,0,357.2771164264917,0,0,0,0,0,0,0,0.5294117647058824,0.13333333333333333,0,0,IPSWEEP
Tcp,Unassigned,26893,37244,0,248,158,151,128,109,32706.597750075925,26871.57287157273,0,0,0,0,0,0,1,0.05625,0,0,NORMAL
Tcp,Unassigned,26893,37244,0,248,158,151,128,109,55278.52004110993,45614.206981016505,0,0,0,0,0,0,0.9444444444444444,0.05,0,0,NORMAL
Tcp,Unassigned,249544,1058,0,4173,4162,14,64,128,19963520,84640,0,0,0,0,0,0,0.000724812756704518,0.0009640877319836105,1,0.997589780670041,NMAP
Tcp,Unassigned,160,723588,0,4523,4523,1,64,128,12800,57887040,0,0,0,0,0,0,0.00022386389075442132,0,0,0,SYN_FLOOD
Tcp,Unassigned,160,723588,0,4523,4523,1,64,128,12800,57887040,0,0,0,0,0,0,0.00022172949002217295,0,0,0,SYN_FLOOD
Udp,Unassigned,3150,0,0,22,22,0,4,0,381.24054462934953,0,0,0,0,0,0,0,0.3333333333333333,0.15789473684210525,0,0,SLOWLORIS
Tcp,Unassigned,2466,61671,0,248,151,158,110,128,16718.644067796602,20071.9283970709,0,0,0,0,0,0,0.6845637583892618,0.04926108374384237,0.18791946308724833,0,NORMAL
Tcp,Unassigned,160,723588,0,4523,4523,1,64,128,12800,57887040,0,0,0,0,0,0,0.00022401433691756272,0,0,0,SYN_FLOOD
Udp,Unassigned,1058,249544,0,3,14,4162,128,64,1349.0596110934018,1087.6090005022572,0,0,0,0,0,0,1,0.0009650180940892642,0,0.9975874547647768,NMAP
Tcp,Unassigned,500,63637,0,248,151,158,117,128,2861.2303290414884,10374.893009985706,0,0,0,0,0,0,0.6115702479338843,0.05571847507331378,0.23140495867768596,0,NORMAL
Tcp,Unassigned,160,723588,0,4523,4523,1,64,128,12800,57887040,0,0,0,0,0,0,0.00022123893805309734,0,0,0,SYN_FLOOD
Tcp,Unassigned,249544,1058,0,4173,4162,14,64,128,19963520,84640,0,0,0,0,0,0,0.0004815795810257645,0.0009606147934678194,1,0.9973583093179635,NMAP
Tcp,Unassigned,160,723588,0,4523,4523,1,64,128,12800,57887040,0,0,0,0,0,0,0.000223463687150838,0,0,0,SYN_FLOOD
Tcp,Unassigned,2071,62066,0,248,151,158,45,128,1188.69278232171,3410.5477175003293,0,0,0,0,0,0,0.6178861788617886,0.05507246376811594,0.22764227642276422,0,NORMAL
Tcp,Unassigned,249544,1058,0,4173,4162,14,64,128,19963520,84640,0,0,0,0,0,0,0.00048590864917395527,0.0007272727272727272,1,0.9978181818181818,NMAP
Tcp,Unassigned,160,723588,0,4523,4523,1,64,128,12800,57887040,0,0,0,0,0,0,0.0002224694104560623,0,0,0,SYN_FLOOD
Tcp,Unassigned,26893,37244,0,248,158,151,128,109,2151440,2979520,0,0,0,0,0,0,0.2,0.04909560723514212,0,0,NORMAL
Tcp,Unassigned,26893,37244,0,248,158,151,128,109,833891.4728682167,809652.173913043,0,0,0,0,0,0,1,0.051630434782608696,0,0,NORMAL
Tcp,Unassigned,249544,1058,0,4173,4162,14,64,128,19963520,84640,0,0,0,0,0,0,0.00024301336573511544,0.0007274490785645005,1,0.9978176527643065,NMAP
Tcp,Unassigned,26893,37244,0,248,158,151,128,109,2151440,2979520,0,0,0,0,0,0,1,0.05234159779614325,0,0,NORMAL
Tcp,Unassigned,160,723588,0,4523,4523,1,64,128,12800,57887040,0,0,0,0,0,0,0.00022411474675033618,0,0,0,SYN_FLOOD
Udp,Unassigned,3780,60357,0,170,63,0,64,0,4861.736334405142,12899.551186150915,0,0,0,0,0,0,0.030303030303030304,0.04807692307692308,0,0,NORMAL
Tcp,Unassigned,160,723588,0,4523,4523,1,64,128,12800,57887040,0,0,0,0,0,0,0.00022406453058480843,0,0,0,SYN_FLOOD
Tcp,Unassigned,26893,37244,0,248,158,151,128,109,23223.661485319568,19045.768345691686,0,0,0,0,0,0,0.5,0.04960835509138381,0,0,NORMAL
Tcp,Unassigned,500,63637,0,248,151,158,117,128,1029.8661174047377,3563.6007279854703,0,0,0,0,0,0,0.6299212598425197,0.05397727272727273,0.2204724409448819,0,NORMAL
Tcp,Unassigned,249544,1058,0,4173,4162,14,64,128,19963520,84640,0,0,0,0,0,0,0.0004884004884004884,0.000731528895391368,1,0.9985369422092173,NMAP
Udp,Unassigned,3780,60357,0,170,125,0,64,0,137454.5454545454,580355.7692307689,0,0,0,0,0,0,0.011235955056179775,0.04935064935064935,0,0,NORMAL
Tcp,Unassigned,2466,61671,0,248,151,158,110,128,14700.447093889721,17463.117655387276,0,0,0,0,0,0,0.591304347826087,0.05555555555555555,0.24347826086956523,0,NORMAL
Tcp,Unassigned,160,723588,0,4523,4523,1,64,128,12800,57887040,0,0,0,0,0,0,0.00022351363433169424,0,0,0,SYN_FLOOD
Tcp,Unassigned,249544,1058,0,4173,4162,14,64,128,61.52645238772913,77.47793929186041,0,0,0,0,0,0,0.00024055809477988935,0.0009592326139088729,1,0.9968824940047961,NMAP
Tcp,Unassigned,249544,1058,0,4173,4162,14,64,128,19963520,84640,0,0,0,0,0,0,0.00024289531212047608,0.0007270964614638875,1,0.9978187106156083,NMAP
Tcp,Unassigned,249544,1058,0,4173,4162,14,64,128,19963520,84640,0,0,0,0,0,0,0.000244140625,0.0007313505607020966,1,0.9985372988785958,NMAP
Udp,Unassigned,3780,60357,0,170,63,0,64,0,773.401534526855,2028.8067226890635,0,0,0,0,0,0,0.034482758620689655,0.05555555555555555,0,0,NORMAL
Tcp,Unassigned,26893,37244,0,248,158,151,128,109,1657.2740297955627,1353.5397586858583,0,0,0,0,0,0,0.3333333333333333,0.04871794871794872,0,0,NORMAL
Tcp,Unassigned,160,723588,0,4523,4523,1,64,128,12800,57887040,0,0,0,0,0,0,0.0002239140170174653,0,0,0,SYN_FLOOD
Tcp,Unassigned,160,723588,0,4523,4523,1,64,128,12800,57887040,0,0,0,0,0,0,0.0002247696111485727,0,0,0,SYN_FLOOD
Tcp,Unassigned,249544,1058,0,4173,4162,14,64,128,19963520,84640,0,0,0,0,0,0,0.0002405002405002405,0.0009590026372572524,1,0.9968832414289139,NMAP
Tcp,Unassigned,249544,1058,0,4173,4162,14,64,128,19963520,84640,0,0,0,0,0,0,0.00024125452352231604,0.0009626955475330926,1,0.9975932611311673,NMAP
Udp,Unassigned,3780,60357,0,170,63,0,64,0,545.6513893901125,1430.464047020897,0,0,0,0,0,0,0.03571428571428571,0.05642633228840126,0,0,NORMAL
Tcp,Unassigned,249544,1058,0,4173,4162,14,64,128,19963520,84640,0,0,0,0,0,0,0.0002444390124663896,0.000732243104710764,1,0.9985355137905785,NMAP
Tcp,Unassigned,249544,1058,0,4173,4162,14,64,128,19963520,84640,0,0,0,0,0,0,0.000976324139614352,0.0007309941520467836,1,0.9982943469785575,NMAP
Tcp,Unassigned,249544,1058,0,4173,4162,14,64,128,19963520,84640,0,0,0,0,0,0,0.00024449877750611245,0.000732421875,1,0.99853515625,NMAP
Udp,Unassigned,8415,55722,0,170,95,0,1,0,1860.6965174129368,1830.882715339488,0,0,0,0,0,0,0.03571428571428571,0.05588235294117647,0,0,NORMAL
Tcp,Unassigned,160,723588,0,4523,4523,1,64,128,12800,57887040,0,0,0,0,0,0,0.00022381378692927484,0,0,0,SYN_FLOOD
Tcp,Unassigned,249544,1058,0,4173,4162,14,64,128,19963520,84640,0,0,0,0,0,0,0.00024271844660194174,0.0007265681763138775,1,0.9978202954710583,NMAP
Tcp,Unassigned,26893,37244,0,248,158,151,128,109,2151440,2979520,0,0,0,0,0,0,1,0.052054794520547946,0,0,NORMAL
Tcp,Unassigned,160,723588,0,4523,4523,1,64,128,12800,57887040,0,0,0,0,0,0,0.00022326412145568208,0,0,0,SYN_FLOOD
Tcp,Unassigned,160,723588,0,4523,4523,1,64,128,12800,57887040,0,0,0,0,0,0,0.00022271714922048998,0,0,0,SYN_FLOOD
Udp,Unassigned,8415,55722,0,170,95,0,1,0,9576.102418207674,9515.775092857477,0,0,0,0,0,0,0.03409090909090909,0.05013192612137203,0,0,NORMAL
Tcp,Unassigned,249544,1058,0,4173,4162,14,64,128,19963520,84640,0,0,0,0,0,0,0.00024437927663734115,0.0007320644216691069,1,0.9985358711566618,NMAP
Tcp,Unassigned,2466,61671,0,248,151,158,110,128,9824.701195219119,11381.56316323695,0,0,0,0,0,0,0.6866666666666666,0.04914004914004914,0.18666666666666668,0,NORMAL
Tcp,Unassigned,249544,1058,0,4173,4162,14,64,128,4795.464809031647,5642.666666666666,0,0,0,0,0,0,0.00024330900243309004,0.0007283321194464676,1,0.9978150036416606,NMAP
Tcp,Unassigned,500,63637,0,248,151,158,116,128,9803.921568627451,43438.225255972684,0,0,0,0,0,0,0.626984126984127,0.054285714285714284,0.2222222222222222,0,NORMAL
Tcp,Unassigned,249544,1058,0,4173,4162,14,64,128,19963520,84640,0,0,0,0,0,0,0.00024242424242424242,0.000725689404934688,1,0.997822931785196,NMAP
Tcp,Unassigned,26893,37244,0,248,158,151,128,109,12197.754847488342,9982.310372554233,0,0,0,0,0,0,1,0.05454545454545454,0,0,NORMAL
Udp,Unassigned,3780,60357,0,170,125,0,64,0,2671.378091872793,7044.673338974682,0,0,0,0,0,0,0.012048192771084338,0.05604719764011799,0,0,NORMAL
Tcp,Unassigned,160,723588,0,4523,4523,1,64,128,12800,57887040,0,0,0,0,0,0,0.00022138587558113792,0,0,0,SYN_FLOOD
Tcp,Unassigned,160,723588,0,4523,4523,1,64,128,12800,57887040,0,0,0,0,0,0,0.00022177866489243733,0,0,0,SYN_FLOOD
Tcp,Unassigned,26893,37244,0,248,158,151,128,109,2151440,2979520,0,0,0,0,0,0,0.5,0.051075268817204304,0,0,NORMAL
Tcp,Unassigned,26893,37244,0,248,158,151,128,109,25388.71843285344,20829.977628635217,0,0,0,0,0,0,0.3333333333333333,0.05026455026455026,0,0,NORMAL
Tcp,Unassigned,249544,1058,0,4173,4162,14,64,128,19963520,84640,0,0,0,0,0,0,0.00048344210780759005,0.0009645526886906198,1,0.9975886182782735,NMAP
Udp,Unassigned,4208,0,0,29,29,0,4,0,38.69367469221726,0,0,0,0,0,0,0,0.6,0.12,0,0,UDP_FLOOD
Tcp,Unassigned,160,723588,0,4523,4523,1,64,128,12800,57887040,0,0,0,0,0,0,0.00022222222222222223,0,0,0,SYN_FLOOD
Tcp,Unassigned,249544,1058,0,4173,4162,14,64,128,19963520,84640,0,0,0,0,0,0,0.000242306760358614,0.0007253384912959381,1,0.9978239845261122,NMAP
Udp,Unassigned,3780,60357,0,170,63,0,64,0,8172.972972972967,21888.304623753484,0,0,0,0,0,0,0.03225806451612903,0.04834605597964377,0,0,NORMAL
Tcp,Unassigned,160,723588,0,4523,4523,1,64,128,12800,57887040,0,0,0,0,0,0,0.0002212878955521133,0,0,0,SYN_FLOOD
Tcp,Unassigned,160,723588,0,4523,4523,1,64,128,12800,57887040,0,0,0,0,0,0,0.00022276676319893073,0,0,0,SYN_FLOOD
Tcp,Unassigned,26893,37244,0,248,158,151,128,109,833891.4728682167,809652.173913043,0,0,0,0,0,0,1,0.049019607843137254,0,0,NORMAL
Tcp,Unassigned,249544,1058,0,4173,4162,14,64,128,468407.3205068346,74245.61403508771,0,0,0,0,0,0,0.00048088482808367395,0.0009587727708533077,1,0.9968839884947267,NMAP
Tcp,Unassigned,2071,62066,0,248,151,158,45,128,165680,4965280,0,0,0,0,0,0,0.6147540983606558,0.055232558139534885,0.22950819672131148,0,NORMAL
Tcp,Unassigned,160,723588,0,4523,4523,1,64,128,12800,57887040,0,0,0,0,0,0,0.00022456770716370987,0,0,0,SYN_FLOOD
Tcp,Unassigned,2466,61671,0,248,151,158,110,128,25754.569190600523,32466.96499078675,0,0,0,0,0,0,0.584070796460177,0.056074766355140186,0.24778761061946902,0,NORMAL
Udp,Unassigned,26893,37244,0,170,158,151,128,109,3140.1465393934063,2565.367130458723,0,0,0,0,0,0,1,0.047979797979797977,0,0,NORMAL
Tcp,Unassigned,26893,37244,0,248,158,151,128,109,3974.139204965282,3247.220890187027,0,0,0,0,0,0,1,0.05660377358490566,0,0,NORMAL
Tcp,Unassigned,249544,1058,0,4173,4162,14,64,128,19963520,84640,0,0,0,0,0,0,0.00048216007714561236,0.000962000962000962,1,0.9975949975949976,NMAP
Tcp,Unassigned,160,723588,0,4523,4523,1,64,128,12800,57887040,0,0,0,0,0,0,0.0002249212775528565,0,0,0,SYN_FLOOD
Tcp,Unassigned,160,723588,0,4523,4523,1,64,128,12800,57887040,0,0,0,0,0,0,0.00022158209616662973,0,0,0,SYN_FLOOD
Tcp,Unassigned,160,723588,0,4523,4523,1,64,128,12800,57887040,0,0,0,0,0,0,0.00022306491188935982,0,0,0,SYN_FLOOD
Tcp,Unassigned,160,723588,0,4523,4523,1,64,128,360.6649760495914,371.0725056597849,0,0,0,0,0,0,0.00022114108801415304,0,0.00022114108801415304,0.00022114108801415304,SYN_FLOOD
Tcp,Unassigned,160,723588,0,4523,4523,1,64,128,12800,57887040,0,0,0,0,0,0,0.00022163120567375886,0,0,0,SYN_FLOOD
Tcp,Unassigned,26893,37244,0,248,158,151,128,109,3540.182979003486,2892.4008853337455,0,0,0,0,0,0,0.5,0.05413105413105413,0,0,NORMAL
Tcp,Unassigned,26893,37244,0,248,158,151,128,109,55278.52004110993,45614.206981016505,0,0,0,0,0,0,0.9428571428571428,0.048223350253807105,0,0,NORMAL
Tcp,Unassigned,160,723588,0,4523,4523,1,64,128,12800,57887040,0,0,0,0,0,0,0.00022487069934787497,0,0,0,SYN_FLOOD
Tcp,Unassigned,249544,1058,0,4173,4162,14,64,128,19963520,84640,0,0,0,0,0,0,0.0007234145165179648,0.0009622323791195574,1,0.9975944190522011,NMAP
Udp,Unassigned,8415,55722,0,170,95,0,1,0,3925.3644314868793,3872.6088089653194,0,0,0,0,0,0,0.012345679012345678,0.05637982195845697,0,0,NORMAL
Tcp,Unassigned,160,723588,0,4523,4523,1,64,128,12800,57887040,0,0,0,0,0,0,0.000224517287831163,0,0,0,SYN_FLOOD
Tcp,Unassigned,500,63637,0,248,151,158,116,128,9803.921568627451,43438.225255972684,0,0,0,0,0,0,0.6642857142857143,0.049738219895287955,0.2,0,NORMAL
Tcp,Unassigned,2466,61671,0,248,151,158,110,128,9091.244239631334,10492.72649936196,0,0,0,0,0,0,0.5982905982905983,0.05504587155963303,0.23931623931623933,0,NORMAL
Tcp,Unassigned,249544,1058,0,4173,4162,14,64,128,19963520,84640,0,0,0,0,0,0,0.0002433682161109759,0.0007285089849441476,1,0.9978144730451676,NMAP
Tcp,Unassigned,160,723588,0,4523,4523,1,64,128,12800,57887040,0,0,0,0,0,0,0.000223563603845294,0,0,0,SYN_FLOOD
Tcp,Unassigned,527,63610,0,248,151,158,107,128,2000.0000000000002,4845.645508389013,0,0,0,0,0,0,0.6618705035971223,0.05,0.2014388489208633,0,NORMAL
Tcp,Unassigned,160,723588,0,4523,4523,1,64,128,12800,57887040,0,0,0,0,0,0,0.00022291573785109228,0,0,0,SYN_FLOOD
Tcp,Unassigned,249544,1058,0,4173,4162,14,64,128,19963520,84640,0,0,0,0,0,0,0.000730816077953715,0.0007292173067574137,1,0.9978123480797277,NMAP
Tcp,Unassigned,160,723588,0,4523,4523,1,64,128,12800,57887040,0,0,0,0,0,0,0.00022202486678507994,0,0,0,SYN_FLOOD
Tcp,Unassigned,222,63915,0,248,151,158,47,128,17760,5113200,0,0,0,0,0,0,0.6544117647058824,0.05093833780160858,0.20588235294117646,0,NORMAL
Tcp,Unassigned,26893,37244,0,248,158,151,128,109,2151440,2979520,0,0,0,0,0,0,1,0.05572755417956656,0,0,NORMAL
Tcp,Unassigned,2071,62066,0,248,151,158,46,128,9009.244154431759,27010.172441929877,0,0,0,0,0,0,0.6824324324324325,0.04975124378109453,0.1891891891891892,0,NORMAL
Udp,Unassigned,8415,55722,0,170,95,0,1,0,673200,4457760,0,0,0,0,0,0,0.010526315789473684,0.047961630695443645,0,0,NORMAL
Tcp,Unassigned,222,63915,0,248,151,158,46,128,548.1481481481482,1543.0485559948029,0,0,0,0,0,0,0.6384615384615384,0.05337078651685393,0.2153846153846154,0,NORMAL
Udp,Unassigned,4847,0,0,36,36,0,4,0,74.36159032854421,0,0,0,0,0,0,0,0.6,0.11764705882352941,0,0,IPSWEEP
Tcp,Unassigned,160,723588,0,4523,4523,1,64,128,12800,57887040,0,0,0,0,0,0,0.0002248201438848921,0,0,0,SYN_FLOOD
Tcp,Unassigned,249544,1058,0,4173,4162,14,64,128,19963520,84640,0,0,0,0,0,0,0.000482392667631452,0.0009624639076034649,1,0.9975938402309913,NMAP
Tcp,Unassigned,26893,37244,0,248,158,151,128,109,4168.811037048515,3406.411487629777,0,0,0,0,0,0,1,0.049868766404199474,0,0,NORMAL
Tcp,Unassigned,160,723588,0,4523,4523,1,64,128,12800,57887040,0,0,0,0,0,0,0.0002213368747233289,0,0,0,SYN_FLOOD
Tcp,Unassigned,160,723588,0,4523,4523,1,64,128,12800,57887040,0,0,0,0,0,0,0.00022153300841825432,0,0,0,SYN_FLOOD
Udp,Unassigned,4208,0,0,29,29,0,128,0,57.94736470657089,0,0,0,0,0,0,0,1,0.11538461538461539,0,0,UDP_FLOOD
Tcp,Unassigned,500,63637,0,248,151,158,117,128,604.960677555959,2071.34836032222,0,0,0,0,0,0,0.6328125,0.053824362606232294,0.21875,0,NORMAL
Udp,Unassigned,3150,0,0,22,22,0,4,0,252000,0,0,0,0,0,0,0,0.42857142857142855,0.14285714285714285,0,0,SLOWLORIS
Udp,Unassigned,4208,0,0,29,29,0,128,0,336640,0,0,0,0,0,0,0,1,0.10714285714285714,0,0,UDP_FLOOD
Tcp,Unassigned,2466,61671,0,248,151,158,110,128,42886.95652173912,59729.78208232507,0,0,0,0,0,0,0.6412213740458015,0.05307262569832402,0.21374045801526717,0,NORMAL
Tcp,Unassigned,26893,37244,0,248,158,151,128,109,49277.14154832789,40615.04907306421,0,0,0,0,0,0,0.96875,0.05405405405405406,0,0,NORMAL
Tcp,Unassigned,160,723588,0,4523,4523,1,64,128,12800,57887040,0,0,0,0,0,0,0.0002226179875333927,0,0,0,SYN_FLOOD
Tcp,Unassigned,160,723588,0,4523,4523,1,64,128,12800,57887040,0,0,0,0,0,0,0.0002244165170556553,0,0,0,SYN_FLOOD
